Particulars,Date,Qty
CLINMISKIN GEL*,,
,26-11-2021,1
,30-11-2021,1
,03-12-2021,1
,14-12-2021,2
,23-12-2021,1
,06-01-2022,1
,18-01-2022,1
,24-01-2022,1
,07-02-2022,1
,10-02-2022,1
,15-02-2022,1
,17-02-2022,1
,22-02-2022,1
,01-03-2022,1
,10-03-2022,1
,29-03-2022,1
,05-04-2022,1
,19-07-2022,1
,19-07-2022,1
,19-07-2022,1
,21-07-2022,1
,27-08-2022,1
,30-08-2022,1
,01-09-2022,1
,08-09-2022,1
,13-09-2022,1
,13-09-2022,1
,15-09-2022,1
,15-09-2022,1
,27-09-2022,1
,04-10-2022,1
,01-11-2022,1
,03-11-2022,1
,05-11-2022,1
,05-11-2022,1
,08-11-2022,1
,08-11-2022,1
,12-11-2022,1
,15-11-2022,1
,05-12-2022,1
,12-12-2022,1
,13-12-2022,1
,20-12-2022,1
,22-12-2022,1
,26-12-2022,1
,31-12-2022,1
,31-12-2022,1
,31-12-2022,1
,03-01-2023,1
,03-01-2023,1
,06-01-2023,1
,07-03-2023,1
,09-03-2023,1
,15-03-2023,1
,30-03-2023,1
,11-04-2023,1
,12-04-2023,1
,13-04-2023,1
,08-05-2023,1
,25-05-2023,1
,25-05-2023,1
,30-05-2023,1
,01-06-2023,1
,13-06-2023,1
,19-06-2023,1
,01-08-2023,1
,04-08-2023,2
,08-08-2023,1
,10-08-2023,1
,15-08-2023,1
,16-08-2023,1
,17-08-2023,1
,17-08-2023,1
,25-08-2023,1
,31-08-2023,1
,31-08-2023,1
,01-09-2023,1
,01-09-2023,1
,05-09-2023,1
,05-09-2023,1
,05-09-2023,1
,14-09-2023,1
,14-09-2023,1
,19-09-2023,1
,26-09-2023,1
,26-09-2023,1
,26-09-2023,1
,10-10-2023,1
,12-10-2023,1
,17-10-2023,1
,24-10-2023,1
,02-11-2023,1
,07-11-2023,1
,11-11-2023,1
,14-11-2023,1
,16-11-2023,1
,21-11-2023,1
,25-11-2023,1
,25-11-2023,1
,27-11-2023,2
,05-12-2023,1
,05-12-2023,1
,12-12-2023,1
,12-12-2023,1
,12-12-2023,1
,12-12-2023,1
,30-12-2023,1
,30-12-2023,1
,13-01-2024,1
,18-01-2024,1
,27-01-2024,1
,07-02-2024,1
,20-02-2024,1
,20-03-2024,1
,28-03-2024,1
,28-03-2024,1
,29-03-2024,1
,02-04-2024,1
,04-04-2024,1
,05-04-2024,1
,11-04-2024,1
,20-04-2024,1
,20-04-2024,1
,27-04-2024,1
,30-04-2024,1
,04-05-2024,1
,04-05-2024,1
,04-05-2024,1
,11-05-2024,1
,17-05-2024,1
,20-05-2024,1
,21-05-2024,1
,06-06-2024,1
,11-06-2024,1
,11-06-2024,1
,11-06-2024,1
,11-06-2024,11
,15-06-2024,1
,29-06-2024,1
,29-06-2024,1
,06-07-2024,1
,08-07-2024,1
,09-07-2024,1
,09-07-2024,1
,09-07-2024,1
,09-07-2024,1
,13-07-2024,1
,13-07-2024,1
,23-07-2024,1
,25-07-2024,1
,06-08-2024,1
,10-08-2024,2
,10-08-2024,1
,10-08-2024,1
,10-08-2024,1
,14-08-2024,1
,20-08-2024,1
,03-09-2024,1
,03-09-2024,1
,03-09-2024,1
,10-09-2024,1
,16-09-2024,1
,17-09-2024,1
,17-09-2024,1
,19-09-2024,1
,03-10-2024,1
,03-10-2024,1
,08-10-2024,1
,12-10-2024,2
,12-10-2024,1
,12-10-2024,1
,15-10-2024,1
,17-10-2024,1
,31-10-2024,1
,04-11-2024,1
,07-11-2024,1
,12-11-2024,1
,12-11-2024,1
,12-11-2024,1
,14-11-2024,1
,16-11-2024,1
,16-11-2024,1
,19-11-2024,1
,10-12-2024,1
,20-12-2024,1
,04-01-2025,1
,07-01-2025,1
,14-01-2025,1
,14-01-2025,1
,14-01-2025,1
,30-01-2025,1
,30-01-2025,1
,11-02-2025,1
,11-02-2025,1
,18-02-2025,1
,24-02-2025,1
,25-02-2025,1
,13-03-2025,1
,13-03-2025,1
,13-03-2025,1
,16-03-2025,1
,16-03-2025,1
,25-03-2025,1
,26-03-2025,1
,06-04-2025,1
,08-04-2025,1
,19-04-2025,1
,19-04-2025,1
,24-04-2025,1
,29-04-2025,1
,29-04-2025,1
,08-05-2025,1
,15-05-2025,1
,19-05-2025,1
,20-05-2025,1
,31-05-2025,1
,03-06-2025,1
,03-06-2025,1
,12-06-2025,1
,17-06-2025,1
,21-06-2025,1
,26-06-2025,1
,01-07-2025,1
,01-07-2025,1
,03-07-2025,1
,01-08-2025,1
,07-08-2025,1
,12-08-2025,1
,12-08-2025,1
,16-08-2025,1
,20-08-2025,1
,21-08-2025,1
,30-08-2025,1
,02-09-2025,1
,02-09-2025,1
,04-09-2025,1
,09-09-2025,1
,13-09-2025,1
,16-09-2025,1
,27-09-2025,1
,07-10-2025,1
,13-10-2025,1
,16-10-2025,1
CLINMISKIN GEL* Total,,258
DESWIN  TAB,,
,30-11-2021,3
,06-01-2022,10
,13-01-2022,10
,13-01-2022,10
,18-01-2022,7
,18-01-2022,4
,18-01-2022,5
,18-01-2022,1
,18-01-2022,6
,25-01-2022,6
,27-01-2022,5
,03-02-2022,5
,04-02-2022,7
,08-02-2022,5
,08-02-2022,7
,08-02-2022,7
,08-02-2022,2
,08-02-2022,5
,10-02-2022,7
,10-02-2022,6
,10-02-2022,1
,10-02-2022,5
,10-02-2022,7
,10-02-2022,7
,10-02-2022,5
,15-02-2022,10
,15-02-2022,7
,15-02-2022,7
,17-02-2022,7
,17-02-2022,7
,22-02-2022,7
,22-02-2022,7
,22-02-2022,7
,24-02-2022,8
,24-02-2022,2
,01-03-2022,10
,01-03-2022,5
,01-03-2022,7
,01-03-2022,10
,03-03-2022,7
,03-03-2022,15
,04-03-2022,4
,08-03-2022,10
,08-03-2022,5
,08-03-2022,7
,10-03-2022,10
,14-03-2022,15
,15-03-2022,5
,15-03-2022,7
,17-03-2022,10
,18-03-2022,1
,18-03-2022,9
,22-03-2022,10
,24-03-2022,5
,24-03-2022,7
,24-03-2022,10
,24-03-2022,5
,24-03-2022,5
,29-03-2022,7
,05-04-2022,2
,05-04-2022,5
,05-04-2022,7
,05-04-2022,10
,05-04-2022,10
,07-04-2022,7
,12-04-2022,7
,15-04-2022,10
,19-04-2022,5
,21-04-2022,7
,21-04-2022,5
,05-05-2022,7
,05-05-2022,7
,05-05-2022,7
,05-05-2022,7
,05-05-2022,7
,05-05-2022,5
,05-05-2022,7
,10-05-2022,7
,10-05-2022,10
,10-05-2022,7
,12-05-2022,2
,12-05-2022,7
,12-05-2022,7
,12-05-2022,5
,14-05-2022,2
,17-05-2022,5
,19-05-2022,7
,19-05-2022,7
,19-05-2022,5
,19-05-2022,2
,20-05-2022,10
,24-05-2022,7
,24-05-2022,5
,24-05-2022,7
,24-05-2022,15
,24-05-2022,2
,24-05-2022,5
,25-05-2022,5
,30-05-2022,1
,31-05-2022,7
,31-05-2022,3
,31-05-2022,4
,31-05-2022,14
,31-05-2022,7
,31-05-2022,3
,02-06-2022,3
,02-06-2022,10
,14-06-2022,5
,14-06-2022,5
,14-06-2022,5
,21-06-2022,4
,21-06-2022,3
,21-06-2022,3
,21-06-2022,7
,21-06-2022,7
,23-06-2022,7
,23-06-2022,7
,23-06-2022,10
,28-06-2022,7
,28-06-2022,7
,28-06-2022,7
,28-06-2022,10
,07-07-2022,10
,19-07-2022,3
,02-08-2022,10
,11-10-2022,8
,18-10-2022,2
,18-10-2022,5
,18-10-2022,7
,18-10-2022,5
,20-10-2022,7
,20-10-2022,10
,25-10-2022,3
,25-10-2022,7
,25-10-2022,5
,25-10-2022,7
,25-10-2022,7
,25-10-2022,4
,25-10-2022,1
,25-10-2022,5
,25-10-2022,10
,27-10-2022,7
,27-10-2022,5
,27-10-2022,5
,27-10-2022,7
,27-10-2022,5
,27-10-2022,2
,27-10-2022,7
,01-11-2022,10
,01-11-2022,7
,01-11-2022,10
,01-11-2022,4
,01-11-2022,5
,01-11-2022,2
,01-11-2022,4
,01-11-2022,5
,03-11-2022,10
,03-11-2022,7
,03-11-2022,7
,04-11-2022,2
,05-11-2022,5
,05-11-2022,10
,05-11-2022,7
,05-11-2022,10
,08-11-2022,5
,08-11-2022,7
,08-11-2022,5
,08-11-2022,10
,08-11-2022,7
,08-11-2022,2
,08-11-2022,5
,08-11-2022,10
,10-11-2022,5
,10-11-2022,5
,10-11-2022,5
,10-11-2022,5
,10-11-2022,4
,10-11-2022,4
,15-11-2022,7
,15-11-2022,5
,15-11-2022,7
,15-11-2022,5
,15-11-2022,7
,15-11-2022,7
,17-11-2022,2
,17-11-2022,10
,17-11-2022,7
,22-11-2022,5
,22-11-2022,7
,22-11-2022,10
,22-11-2022,5
,24-11-2022,5
,24-11-2022,7
,24-11-2022,3
,29-11-2022,5
,29-11-2022,3
,29-11-2022,2
,29-11-2022,5
,29-11-2022,7
,29-11-2022,5
,01-12-2022,5
,02-12-2022,1
,03-12-2022,7
,04-12-2022,14
,06-12-2022,5
,08-12-2022,3
,08-12-2022,5
,08-12-2022,7
,08-12-2022,5
,08-12-2022,5
,17-12-2022,5
,17-12-2022,7
,17-12-2022,20
,17-12-2022,5
,20-12-2022,7
,20-12-2022,5
,20-12-2022,7
,20-12-2022,7
,22-12-2022,5
,27-12-2022,10
,03-01-2023,5
,03-01-2023,7
,03-01-2023,5
,03-01-2023,7
,05-01-2023,7
,05-01-2023,7
,06-01-2023,16
,10-01-2023,7
,10-01-2023,7
,12-01-2023,5
,12-01-2023,3
,12-01-2023,7
,12-01-2023,7
,12-01-2023,5
,12-01-2023,5
,12-01-2023,5
,17-01-2023,5
,17-01-2023,7
,17-01-2023,7
,17-01-2023,7
,17-01-2023,5
,19-01-2023,3
,19-01-2023,7
,19-01-2023,10
,22-01-2023,2
,24-01-2023,5
,24-01-2023,5
,24-01-2023,7
,24-01-2023,5
,24-01-2023,7
,24-01-2023,5
,24-01-2023,5
,28-01-2023,5
,30-01-2023,25
,31-01-2023,5
,31-01-2023,5
,31-01-2023,7
,31-01-2023,5
,31-01-2023,5
,31-01-2023,5
,02-02-2023,10
,02-02-2023,7
,07-02-2023,3
,07-02-2023,6
,09-02-2023,5
,09-02-2023,5
,14-02-2023,5
,14-02-2023,7
,21-02-2023,7
,21-02-2023,5
,21-02-2023,5
,21-02-2023,2
,21-02-2023,7
,21-02-2023,5
,21-02-2023,5
,21-02-2023,5
,25-02-2023,5
,25-02-2023,3
,25-02-2023,5
,28-02-2023,7
,28-02-2023,3
,28-02-2023,5
,28-02-2023,5
,28-02-2023,7
,28-02-2023,10
,28-02-2023,7
,28-02-2023,7
,02-03-2023,7
,02-03-2023,7
,02-03-2023,7
,06-03-2023,10
,07-03-2023,5
,07-03-2023,5
,09-03-2023,7
,12-03-2023,5
,14-03-2023,3
,14-03-2023,5
,16-03-2023,5
,16-03-2023,5
,22-03-2023,7
,22-03-2023,7
,22-03-2023,7
,28-03-2023,5
,28-03-2023,5
,28-03-2023,5
,30-03-2023,5
,30-03-2023,5
,06-04-2023,5
,06-04-2023,5
,06-04-2023,5
,11-04-2023,7
,13-04-2023,4
,13-04-2023,7
,13-04-2023,4
,25-04-2023,7
,25-04-2023,10
,25-04-2023,7
,25-04-2023,5
,25-04-2023,7
,27-04-2023,10
,27-04-2023,5
,27-04-2023,7
,02-05-2023,7
,02-05-2023,3
,04-05-2023,14
,09-05-2023,2
,09-05-2023,10
,09-05-2023,10
,09-05-2023,7
,09-05-2023,7
,09-05-2023,3
,09-05-2023,4
,09-05-2023,4
,13-05-2023,5
,13-05-2023,10
,13-05-2023,10
,13-05-2023,7
,13-05-2023,6
,13-05-2023,10
,19-05-2023,4
,20-05-2023,5
,24-05-2023,1
,06-06-2023,7
,06-06-2023,3
,06-06-2023,2
,06-06-2023,5
,08-06-2023,5
,08-06-2023,7
,08-06-2023,5
,08-06-2023,3
,13-06-2023,5
,13-06-2023,5
,13-06-2023,7
,13-06-2023,5
,13-06-2023,5
,13-06-2023,5
,13-06-2023,7
,20-06-2023,5
,21-06-2023,6
,03-07-2023,4
,25-07-2023,7
,25-07-2023,5
,25-07-2023,7
,27-07-2023,5
,01-08-2023,7
,01-08-2023,7
,01-08-2023,1
,01-08-2023,4
,01-08-2023,7
,01-08-2023,7
,01-08-2023,1
,03-08-2023,5
,03-08-2023,5
,08-08-2023,5
,08-08-2023,5
,08-08-2023,5
,08-08-2023,10
,08-08-2023,6
,08-08-2023,1
,15-08-2023,2
,15-08-2023,7
,15-08-2023,4
,17-08-2023,7
,17-08-2023,7
,17-08-2023,5
,17-08-2023,7
,17-08-2023,5
,18-08-2023,5
,31-08-2023,5
,31-08-2023,5
,31-08-2023,5
,05-09-2023,3
,07-09-2023,5
,12-09-2023,7
,26-09-2023,5
,01-10-2023,5
,12-10-2023,2
,20-10-2023,7
,21-10-2023,4
,24-10-2023,5
,31-10-2023,5
,14-11-2023,5
,16-11-2023,10
,25-11-2023,7
,25-11-2023,2
,25-11-2023,3
,25-11-2023,2
,07-12-2023,5
,07-12-2023,7
,11-12-2023,5
,21-12-2023,5
,26-12-2023,7
,26-12-2023,7
,26-12-2023,7
,30-12-2023,5
,30-12-2023,7
,30-12-2023,7
,30-12-2023,5
,02-01-2024,7
,02-01-2024,5
,06-01-2024,7
,06-01-2024,7
,06-01-2024,5
,09-01-2024,7
,09-01-2024,5
,09-01-2024,5
,09-01-2024,7
,10-01-2024,5
,10-01-2024,5
,13-01-2024,5
,13-01-2024,7
,13-01-2024,5
,13-01-2024,7
,25-01-2024,2
,27-01-2024,7
,27-01-2024,7
,27-01-2024,7
,30-01-2024,7
,30-01-2024,5
,30-01-2024,7
,06-02-2024,5
,06-02-2024,5
,06-02-2024,5
,19-02-2024,2
,05-03-2024,5
,05-03-2024,5
,05-03-2024,5
,05-03-2024,5
,07-03-2024,5
,07-03-2024,5
,07-03-2024,7
,07-03-2024,5
,07-03-2024,5
,07-03-2024,5
,19-03-2024,5
,19-03-2024,3
,20-03-2024,5
,26-03-2024,7
,28-03-2024,5
,02-04-2024,5
,03-04-2024,5
,04-04-2024,5
,20-04-2024,5
,22-04-2024,5
,23-04-2024,7
,23-04-2024,5
,27-04-2024,5
,30-04-2024,3
,30-04-2024,3
,30-04-2024,5
,30-04-2024,5
,30-04-2024,3
,30-04-2024,5
,03-05-2024,5
,03-05-2024,2
,04-05-2024,5
,04-05-2024,7
,04-05-2024,5
,11-05-2024,5
,11-05-2024,7
,11-05-2024,5
,11-05-2024,7
,11-05-2024,2
,14-05-2024,5
,14-05-2024,5
,14-05-2024,5
,14-05-2024,5
,16-05-2024,7
,16-05-2024,7
,16-05-2024,7
,16-05-2024,5
,16-05-2024,3
,20-05-2024,2
,21-05-2024,5
,21-05-2024,5
,28-05-2024,5
,28-05-2024,5
,30-05-2024,5
,30-05-2024,5
,30-05-2024,5
,01-06-2024,3
,04-06-2024,3
,04-06-2024,5
,04-06-2024,7
,04-06-2024,7
,04-06-2024,5
,06-06-2024,7
,06-06-2024,5
,06-06-2024,5
,11-06-2024,7
,11-06-2024,5
,11-06-2024,5
,11-06-2024,5
,15-06-2024,5
,15-06-2024,5
,15-06-2024,5
,15-06-2024,5
,15-06-2024,7
,15-06-2024,5
,15-06-2024,5
,15-06-2024,5
,15-06-2024,5
,20-06-2024,5
,02-07-2024,5
,02-07-2024,7
,06-07-2024,5
,12-07-2024,5
,13-07-2024,5
,13-07-2024,7
,18-07-2024,7
,18-07-2024,10
,23-07-2024,5
,23-07-2024,5
,10-08-2024,2
,10-08-2024,5
,10-08-2024,5
,13-08-2024,7
,20-08-2024,5
,20-08-2024,5
,20-08-2024,7
,20-08-2024,7
,20-08-2024,7
,20-08-2024,5
,20-08-2024,5
,27-08-2024,5
,27-08-2024,5
,27-08-2024,10
,27-08-2024,7
,31-08-2024,5
,31-08-2024,7
,31-08-2024,7
,31-08-2024,5
,03-09-2024,5
,03-09-2024,5
,03-09-2024,5
,03-09-2024,5
,04-09-2024,5
,05-09-2024,5
,10-09-2024,5
,10-09-2024,5
,10-09-2024,5
,10-09-2024,7
,10-09-2024,14
,12-09-2024,5
,12-09-2024,7
,12-09-2024,7
,28-09-2024,6
,28-09-2024,1
,28-09-2024,5
,03-10-2024,5
,08-10-2024,7
,08-10-2024,5
,08-10-2024,7
,08-10-2024,7
,12-10-2024,5
,12-10-2024,3
,15-10-2024,14
,15-10-2024,5
,17-10-2024,7
,17-10-2024,5
,17-10-2024,5
,17-10-2024,7
,17-10-2024,5
,22-10-2024,7
,22-10-2024,7
,24-10-2024,10
,24-10-2024,7
,24-10-2024,7
,24-10-2024,7
,24-10-2024,7
,24-10-2024,7
,26-10-2024,14
,29-10-2024,5
,29-10-2024,5
,31-10-2024,5
,31-10-2024,5
,31-10-2024,2
,05-11-2024,7
,05-11-2024,5
,05-11-2024,1
,05-11-2024,6
,07-11-2024,10
,07-11-2024,5
,07-11-2024,7
,12-11-2024,7
,12-11-2024,7
,12-11-2024,7
,16-11-2024,5
,16-11-2024,5
,19-11-2024,7
,19-11-2024,7
,19-11-2024,5
,19-11-2024,5
,19-11-2024,7
,21-11-2024,7
,21-11-2024,3
,21-11-2024,2
,21-11-2024,10
,25-11-2024,5
,26-11-2024,5
,26-11-2024,5
,26-11-2024,7
,03-12-2024,5
,03-12-2024,5
,07-12-2024,4
,07-12-2024,7
,07-12-2024,7
,10-12-2024,5
,12-12-2024,1
,12-12-2024,5
,12-12-2024,7
,17-12-2024,5
,20-12-2024,5
,20-12-2024,7
,20-12-2024,7
,26-12-2024,5
,26-12-2024,7
,26-12-2024,7
,26-12-2024,7
,31-12-2024,5
,31-12-2024,5
,31-12-2024,7
,31-12-2024,5
,04-01-2025,7
,07-01-2025,7
,07-01-2025,10
,07-01-2025,4
,07-01-2025,3
,07-01-2025,7
,09-01-2025,7
,09-01-2025,7
,14-01-2025,5
,14-01-2025,5
,14-01-2025,5
,14-01-2025,7
,14-01-2025,5
,14-01-2025,5
,14-01-2025,5
,18-01-2025,5
,18-01-2025,2
,21-01-2025,5
,21-01-2025,7
,24-01-2025,7
,30-01-2025,5
,30-01-2025,5
,04-02-2025,3
,04-02-2025,2
,04-02-2025,7
,04-02-2025,5
,04-02-2025,5
,04-02-2025,5
,04-02-2025,5
,06-02-2025,7
,11-02-2025,7
,18-02-2025,5
,18-02-2025,5
,20-02-2025,5
,25-02-2025,5
,25-02-2025,5
,25-02-2025,5
,25-02-2025,5
,06-03-2025,5
,06-03-2025,5
,13-03-2025,5
,13-03-2025,5
,13-03-2025,5
,13-03-2025,5
,13-03-2025,5
,13-03-2025,2
,13-03-2025,3
,18-03-2025,5
,08-04-2025,5
,08-04-2025,5
,08-04-2025,5
,08-04-2025,2
,08-04-2025,5
,08-04-2025,5
,12-04-2025,5
,12-04-2025,5
,13-04-2025,5
,19-04-2025,7
,22-04-2025,3
,22-04-2025,5
,22-04-2025,5
,22-04-2025,5
,22-04-2025,5
,24-04-2025,5
,24-04-2025,5
,29-04-2025,5
,29-04-2025,5
,29-04-2025,5
,29-04-2025,5
,29-04-2025,5
,03-05-2025,5
,03-05-2025,5
,03-05-2025,7
,06-05-2025,5
,06-05-2025,5
,06-05-2025,5
,06-05-2025,5
,09-05-2025,3
,10-05-2025,5
,13-05-2025,7
,13-05-2025,5
,14-05-2025,5
,15-05-2025,5
,15-05-2025,5
,15-05-2025,5
,16-05-2025,10
,20-05-2025,5
,24-05-2025,7
,24-05-2025,7
,27-05-2025,5
,27-05-2025,5
,27-05-2025,5
,27-05-2025,4
,27-05-2025,1
,31-05-2025,5
,31-05-2025,7
,03-06-2025,5
,05-06-2025,5
,05-06-2025,5
,11-06-2025,100
,11-06-2025,6
,12-06-2025,5
,12-06-2025,5
,12-06-2025,5
,12-06-2025,7
,17-06-2025,7
,17-06-2025,5
,18-06-2025,7
,21-06-2025,5
,21-06-2025,5
,21-06-2025,7
,24-06-2025,7
,24-06-2025,2
,24-06-2025,4
,24-06-2025,3
,24-06-2025,10
,26-06-2025,5
,26-06-2025,5
,26-06-2025,5
,01-07-2025,5
,01-07-2025,5
,01-07-2025,6
,01-07-2025,5
,03-07-2025,7
,03-07-2025,7
,10-07-2025,5
,10-07-2025,7
,10-07-2025,7
,15-07-2025,5
,15-07-2025,3
,15-07-2025,4
,15-07-2025,7
,15-07-2025,7
,17-07-2025,5
,20-07-2025,3
,22-07-2025,7
,22-07-2025,7
,22-07-2025,5
,26-07-2025,7
,26-07-2025,7
,29-07-2025,5
,29-07-2025,5
,29-07-2025,2
,31-07-2025,7
,31-07-2025,5
,05-08-2025,7
,05-08-2025,5
,05-08-2025,5
,05-08-2025,7
,07-08-2025,7
,12-08-2025,7
,12-08-2025,7
,12-08-2025,5
,12-08-2025,6
,12-08-2025,5
,12-08-2025,5
,13-08-2025,10
,16-08-2025,5
,21-08-2025,7
,21-08-2025,5
,21-08-2025,7
,26-08-2025,5
,26-08-2025,7
,28-08-2025,7
,30-08-2025,5
,30-08-2025,7
,30-08-2025,5
,30-08-2025,5
,30-08-2025,5
,02-09-2025,7
,02-09-2025,7
,02-09-2025,5
,02-09-2025,7
,02-09-2025,21
,04-09-2025,5
,04-09-2025,7
,04-09-2025,7
,09-09-2025,7
,09-09-2025,7
,09-09-2025,7
,09-09-2025,7
,12-09-2025,5
,12-09-2025,7
,12-09-2025,7
,16-09-2025,6
,16-09-2025,5
,16-09-2025,5
,16-09-2025,7
,19-09-2025,5
,19-09-2025,5
,19-09-2025,5
,23-09-2025,7
,23-09-2025,7
,23-09-2025,5
,23-09-2025,5
,23-09-2025,7
,27-09-2025,5
,27-09-2025,7
,27-09-2025,5
,27-09-2025,5
,03-10-2025,5
,03-10-2025,7
,03-10-2025,5
,03-10-2025,5
,03-10-2025,7
,03-10-2025,3
,07-10-2025,5
,07-10-2025,7
,07-10-2025,7
,07-10-2025,4
,09-10-2025,5
,11-10-2025,5
,11-10-2025,7
,11-10-2025,5
,14-10-2025,7
,14-10-2025,7
,14-10-2025,5
,16-10-2025,5
,16-10-2025,5
,16-10-2025,7
,21-10-2025,5
,21-10-2025,5
DESWIN  TAB Total,,5144
K GLIM-M 1MG,,
,08-11-2021,10
,12-11-2021,15
,17-11-2021,10
,23-11-2021,4
,24-11-2021,3
,30-11-2021,15
,11-12-2021,30
,16-12-2021,6
,16-12-2021,24
,24-12-2021,15
,24-12-2021,36
,24-12-2021,9
,04-01-2022,15
,05-01-2022,15
,06-01-2022,15
,10-01-2022,9
,14-01-2022,15
,20-01-2022,15
,21-01-2022,15
,22-01-2022,30
,25-01-2022,12
,25-01-2022,3
,26-01-2022,15
,12-02-2022,15
,19-02-2022,30
,07-03-2022,15
,29-03-2022,15
,02-04-2022,15
,04-04-2022,15
,21-04-2022,23
,23-04-2022,4
,23-04-2022,26
,25-04-2022,15
,26-04-2022,30
,28-04-2022,15
,13-05-2022,15
,25-05-2022,45
,06-06-2022,4
,06-06-2022,11
,08-06-2022,15
,11-06-2022,15
,22-06-2022,15
,23-06-2022,30
,28-06-2022,15
,07-07-2022,15
,09-07-2022,15
,11-07-2022,19
,11-07-2022,11
,15-07-2022,15
,15-07-2022,15
,15-07-2022,5
,30-07-2022,30
,01-08-2022,30
,04-08-2022,15
,05-08-2022,15
,11-08-2022,6
,22-08-2022,8
,22-08-2022,22
,25-08-2022,15
,25-08-2022,3
,03-09-2022,30
,14-09-2022,5
,22-09-2022,15
,27-09-2022,12
,03-10-2022,30
,08-10-2022,15
,19-10-2022,30
,19-10-2022,3
,19-10-2022,12
,28-10-2022,30
,29-10-2022,15
,02-11-2022,3
,02-11-2022,12
,07-11-2022,15
,08-11-2022,30
,24-11-2022,30
,29-11-2022,30
,05-12-2022,30
,14-12-2022,15
,16-12-2022,30
,17-12-2022,15
,17-12-2022,15
,20-12-2022,15
,23-12-2022,3
,02-01-2023,15
,16-01-2023,15
,16-01-2023,5
,19-01-2023,15
,30-01-2023,15
,30-01-2023,6
,09-02-2023,15
,11-02-2023,15
,21-02-2023,30
,16-03-2023,30
,23-04-2023,3
,24-04-2023,5
,30-04-2023,15
,30-04-2023,15
,01-05-2023,15
,31-05-2023,15
,22-06-2023,15
,23-06-2023,15
,04-07-2023,20
,16-07-2023,15
,20-07-2023,10
,22-07-2023,15
,26-07-2023,30
,02-08-2023,45
,05-08-2023,3
,05-08-2023,30
,24-08-2023,60
,02-09-2023,15
,09-09-2023,15
,12-09-2023,3
,18-09-2023,15
,28-10-2023,15
,01-11-2023,7
,01-11-2023,3
,01-11-2023,5
,05-11-2023,15
,06-11-2023,6
,10-11-2023,5
,11-11-2023,7
,17-11-2023,5
,14-12-2023,15
,26-12-2023,18
,28-12-2023,15
,02-01-2024,30
,06-01-2024,2
,11-01-2024,15
,22-01-2024,30
,05-02-2024,10
,24-02-2024,15
,09-04-2024,15
,23-04-2024,30
,23-04-2024,15
,30-04-2024,30
,08-05-2024,5
,18-05-2024,15
,19-05-2024,10
,22-05-2024,30
,11-06-2024,13
,11-06-2024,2
,14-06-2024,30
,15-06-2024,45
,22-06-2024,15
,13-07-2024,15
,20-07-2024,6
,23-07-2024,10
,28-07-2024,4
,31-07-2024,15
,02-08-2024,20
,07-08-2024,15
,16-08-2024,14
,16-08-2024,1
,20-08-2024,30
,31-08-2024,15
,10-09-2024,20
,17-09-2024,15
,19-09-2024,15
,05-10-2024,9
,10-10-2024,15
,12-10-2024,15
,17-10-2024,15
,26-10-2024,30
,15-11-2024,15
,18-11-2024,10
,22-11-2024,29
,22-11-2024,1
,23-12-2024,15
,06-01-2025,15
,24-01-2025,15
,28-01-2025,20
,29-01-2025,15
,30-01-2025,15
,01-02-2025,10
,08-02-2025,15
,19-03-2025,15
,19-03-2025,15
,01-04-2025,30
,06-04-2025,15
,07-04-2025,30
,10-04-2025,15
,15-04-2025,30
,20-04-2025,10
,28-04-2025,30
,28-04-2025,5
,01-05-2025,10
,03-05-2025,15
,03-05-2025,4
,04-05-2025,5
,06-05-2025,30
,11-05-2025,5
,18-05-2025,6
,18-05-2025,24
,12-06-2025,30
,21-07-2025,45
,12-08-2025,30
,16-08-2025,15
,12-09-2025,30
,12-09-2025,5
,22-09-2025,1
,22-09-2025,9
,24-09-2025,45
,27-09-2025,25
,29-09-2025,15
,29-09-2025,15
,20-10-2025,46
K GLIM-M 1MG Total,,3465
MEFORNIX P,,
,31-10-2023,9
,09-11-2023,9
,10-11-2023,9
,13-11-2023,10
,14-11-2023,9
,14-11-2023,9
,14-11-2023,9
,16-11-2023,6
,27-11-2023,9
,19-12-2023,9
,01-01-2024,6
,20-02-2024,3
,07-03-2024,9
,15-03-2024,4
,26-03-2024,9
,26-03-2024,9
,01-04-2024,6
,08-04-2024,9
,13-04-2024,9
,13-04-2024,6
,13-04-2024,9
,13-04-2024,3
,19-04-2024,6
,20-04-2024,9
,24-04-2024,9
,30-04-2024,6
,10-05-2024,6
,11-05-2024,9
,11-05-2024,9
,11-05-2024,9
,16-05-2024,3
,25-05-2024,9
,28-05-2024,9
,04-06-2024,6
,16-06-2024,6
,18-06-2024,9
,24-06-2024,9
,27-06-2024,6
,28-06-2024,9
,04-07-2024,9
,05-07-2024,4
,10-07-2024,5
,13-07-2024,6
,15-07-2024,9
,16-07-2024,9
,22-07-2024,9
,30-07-2024,9
,31-07-2024,9
,01-08-2024,9
,06-08-2024,9
,06-08-2024,9
,08-08-2024,9
,10-08-2024,3
,12-08-2024,6
,13-08-2024,9
,15-08-2024,3
,19-08-2024,9
,19-08-2024,6
,22-08-2024,6
,24-08-2024,9
,31-08-2024,9
,03-09-2024,6
,06-09-2024,6
,09-09-2024,9
,10-09-2024,9
,16-09-2024,6
,17-09-2024,6
,27-09-2024,4
,28-09-2024,9
,02-10-2024,6
,07-10-2024,6
,07-10-2024,9
,08-10-2024,9
,14-10-2024,3
,19-10-2024,9
,19-10-2024,9
,21-10-2024,9
,22-10-2024,6
,23-10-2024,9
,29-10-2024,6
,01-11-2024,6
,07-11-2024,9
,11-11-2024,6
,22-11-2024,9
,25-11-2024,9
,07-02-2025,6
,08-02-2025,6
,08-02-2025,9
,13-02-2025,9
,17-02-2025,9
,22-02-2025,9
,08-03-2025,1
,13-03-2025,6
,28-03-2025,9
,29-03-2025,9
,05-04-2025,9
,05-04-2025,9
,10-04-2025,9
,11-04-2025,3
,17-04-2025,6
,17-04-2025,1
,17-04-2025,9
,19-04-2025,9
,19-04-2025,6
,24-04-2025,9
,29-04-2025,6
,01-05-2025,9
,10-05-2025,6
,14-05-2025,9
,21-05-2025,6
,21-05-2025,6
,04-06-2025,2
,05-06-2025,3
,11-06-2025,9
,18-06-2025,9
,24-06-2025,6
,02-08-2025,6
,02-08-2025,3
,12-08-2025,9
,13-08-2025,9
,13-08-2025,9
,18-08-2025,9
,19-08-2025,9
,06-09-2025,9
,06-09-2025,9
,08-09-2025,3
,08-09-2025,9
,12-09-2025,6
,19-09-2025,9
,30-09-2025,9
,20-10-2025,9
,21-10-2025,8
,21-10-2025,4
MEFORNIX P Total,,982
MONTEMAC FX TAB,,
,06-05-2024,7
,27-05-2024,3
,27-05-2024,4
,30-05-2024,7
,30-05-2024,7
,06-06-2024,5
,06-06-2024,6
,08-06-2024,5
,10-06-2024,7
,10-06-2024,3
,12-06-2024,7
,15-06-2024,7
,20-06-2024,3
,20-06-2024,3
,22-06-2024,15
,24-06-2024,7
,24-06-2024,7
,25-06-2024,3
,26-06-2024,7
,27-06-2024,14
,07-07-2024,14
,08-07-2024,9
,08-07-2024,6
,08-07-2024,3
,09-07-2024,7
,10-07-2024,7
,10-07-2024,15
,10-07-2024,5
,11-07-2024,3
,11-07-2024,7
,12-07-2024,3
,13-07-2024,2
,13-07-2024,10
,15-07-2024,7
,15-07-2024,7
,22-07-2024,7
,22-07-2024,7
,24-07-2024,4
,24-07-2024,4
,25-07-2024,7
,25-07-2024,7
,25-07-2024,15
,26-07-2024,7
,26-07-2024,8
,26-07-2024,10
,05-08-2024,8
,07-08-2024,7
,07-08-2024,7
,07-08-2024,7
,07-08-2024,7
,08-08-2024,7
,09-08-2024,7
,10-08-2024,7
,12-08-2024,14
,12-08-2024,10
,15-08-2024,14
,15-08-2024,5
,16-08-2024,7
,16-08-2024,7
,19-08-2024,8
,19-08-2024,7
,20-08-2024,7
,20-08-2024,7
,20-08-2024,3
,21-08-2024,7
,21-08-2024,7
,22-08-2024,15
,22-08-2024,7
,22-08-2024,7
,22-08-2024,7
,23-08-2024,7
,26-08-2024,7
,26-08-2024,3
,26-08-2024,7
,27-08-2024,10
,28-08-2024,7
,28-08-2024,7
,28-08-2024,7
,29-08-2024,7
,30-08-2024,7
,31-08-2024,3
,01-09-2024,3
,03-09-2024,7
,03-09-2024,7
,04-09-2024,5
,04-09-2024,10
,04-09-2024,7
,04-09-2024,7
,04-09-2024,7
,05-09-2024,7
,06-09-2024,3
,07-09-2024,7
,07-09-2024,7
,09-09-2024,7
,09-09-2024,7
,09-09-2024,7
,09-09-2024,7
,09-09-2024,7
,09-09-2024,4
,09-09-2024,14
,09-09-2024,7
,10-09-2024,7
,11-09-2024,3
,11-09-2024,5
,13-09-2024,4
,13-09-2024,7
,13-09-2024,15
,15-09-2024,3
,18-09-2024,2
,19-09-2024,7
,19-09-2024,7
,19-09-2024,3
,20-09-2024,2
,23-09-2024,22
,23-09-2024,8
,23-09-2024,4
,24-09-2024,7
,24-09-2024,3
,24-09-2024,4
,24-09-2024,7
,24-09-2024,7
,25-09-2024,7
,25-09-2024,7
,25-09-2024,8
,25-09-2024,10
,07-10-2024,7
,08-10-2024,3
,08-10-2024,21
,08-10-2024,10
,08-10-2024,7
,08-10-2024,7
,09-10-2024,4
,11-10-2024,7
,13-10-2024,1
,14-10-2024,7
,14-10-2024,4
,15-10-2024,7
,15-10-2024,7
,16-10-2024,6
,16-10-2024,1
,16-10-2024,6
,16-10-2024,10
,16-10-2024,7
,16-10-2024,4
,17-10-2024,7
,17-10-2024,3
,19-10-2024,14
,19-10-2024,7
,19-10-2024,7
,21-10-2024,7
,21-10-2024,3
,22-10-2024,3
,22-10-2024,7
,22-10-2024,7
,22-10-2024,4
,22-10-2024,7
,22-10-2024,7
,23-10-2024,2
,24-10-2024,3
,26-10-2024,7
,26-10-2024,7
,26-10-2024,7
,28-10-2024,7
,29-10-2024,7
,29-10-2024,2
,29-10-2024,2
,31-10-2024,3
,01-11-2024,3
,01-11-2024,7
,01-11-2024,7
,01-11-2024,7
,04-11-2024,30
,04-11-2024,30
,04-11-2024,22
,05-11-2024,7
,06-11-2024,2
,06-11-2024,10
,07-11-2024,15
,07-11-2024,7
,11-11-2024,7
,11-11-2024,7
,13-11-2024,2
,13-11-2024,21
,15-11-2024,7
,15-11-2024,7
,16-11-2024,7
,17-11-2024,10
,18-11-2024,10
,18-11-2024,7
,18-11-2024,3
,20-11-2024,5
,20-11-2024,7
,21-11-2024,7
,25-11-2024,7
,26-11-2024,7
,26-11-2024,3
,27-11-2024,10
,29-11-2024,7
,01-12-2024,7
,01-12-2024,5
,01-12-2024,3
,01-12-2024,3
,01-12-2024,7
,01-12-2024,3
,01-12-2024,4
,01-12-2024,3
,01-12-2024,3
,01-12-2024,7
,01-12-2024,7
,01-12-2024,5
,01-12-2024,7
,01-12-2024,7
,01-12-2024,7
,01-12-2024,3
,01-12-2024,7
,01-12-2024,7
,01-12-2024,7
,02-12-2024,7
,03-12-2024,7
,03-12-2024,5
,03-12-2024,2
,04-12-2024,4
,04-12-2024,7
,04-12-2024,3
,06-12-2024,30
,07-12-2024,10
,09-12-2024,3
,09-12-2024,7
,09-12-2024,7
,09-12-2024,3
,11-12-2024,30
,12-12-2024,3
,14-12-2024,2
,15-12-2024,7
,16-12-2024,3
,16-12-2024,7
,16-12-2024,30
,17-12-2024,7
,18-12-2024,7
,18-12-2024,7
,21-12-2024,7
,23-12-2024,7
,23-12-2024,7
,23-12-2024,3
,25-12-2024,3
,25-12-2024,4
,28-12-2024,7
,30-12-2024,7
,30-12-2024,10
,30-12-2024,7
,06-01-2025,3
,10-01-2025,2
,13-01-2025,7
,13-01-2025,10
,15-01-2025,7
,15-01-2025,7
,16-01-2025,7
,24-01-2025,7
,25-01-2025,14
,25-01-2025,10
,25-01-2025,14
,25-01-2025,7
,25-01-2025,21
,25-01-2025,7
,25-01-2025,7
,27-01-2025,7
,30-01-2025,7
,30-01-2025,7
,04-02-2025,7
,04-02-2025,20
,04-02-2025,30
,05-02-2025,3
,05-02-2025,10
,06-02-2025,7
,07-02-2025,7
,08-02-2025,15
,10-02-2025,7
,10-02-2025,7
,11-02-2025,3
,12-02-2025,14
,15-02-2025,7
,15-02-2025,7
,15-02-2025,10
,15-02-2025,5
,17-02-2025,7
,17-02-2025,10
,18-02-2025,7
,19-02-2025,15
,20-02-2025,4
,22-02-2025,14
,23-02-2025,10
,24-02-2025,7
,24-02-2025,10
,25-02-2025,7
,25-02-2025,5
,28-02-2025,10
,28-02-2025,7
,10-03-2025,10
,18-03-2025,10
,29-03-2025,7
,04-04-2025,10
,09-04-2025,7
,11-04-2025,10
,12-04-2025,10
,15-04-2025,7
,21-04-2025,30
,05-05-2025,5
,05-05-2025,10
,09-05-2025,7
,09-05-2025,7
,14-05-2025,7
,26-05-2025,21
,29-05-2025,21
,31-05-2025,7
,03-06-2025,25
,03-06-2025,5
,04-06-2025,7
,06-06-2025,7
,09-06-2025,7
,10-06-2025,3
,11-06-2025,7
,12-06-2025,7
,14-06-2025,7
,14-06-2025,7
,16-06-2025,6
,16-06-2025,1
,16-06-2025,7
,21-06-2025,4
,23-06-2025,21
,25-06-2025,5
,27-06-2025,5
,03-07-2025,5
,04-07-2025,6
,07-07-2025,7
,08-07-2025,5
,11-07-2025,7
,13-07-2025,7
,14-07-2025,7
,15-07-2025,3
,15-07-2025,1
,18-07-2025,2
,19-07-2025,30
,19-07-2025,1
,21-07-2025,1
,23-07-2025,7
,25-07-2025,10
,30-07-2025,7
,31-07-2025,4
,31-07-2025,7
,04-08-2025,4
,06-08-2025,7
,09-08-2025,7
,16-08-2025,7
,16-08-2025,20
,18-08-2025,15
,22-08-2025,7
,22-08-2025,3
,27-08-2025,7
,27-08-2025,7
,27-08-2025,10
,29-08-2025,7
,29-08-2025,15
,01-09-2025,10
,01-09-2025,7
,01-09-2025,7
,01-09-2025,7
,02-09-2025,6
,02-09-2025,1
,03-09-2025,3
,04-09-2025,2
,08-09-2025,15
,08-09-2025,21
,09-09-2025,7
,09-09-2025,2
,10-09-2025,30
,12-09-2025,7
,14-09-2025,2
,14-09-2025,30
,19-09-2025,30
,22-09-2025,5
,22-09-2025,7
,23-09-2025,3
,30-09-2025,14
,06-10-2025,7
,07-10-2025,7
,07-10-2025,7
,08-10-2025,7
,08-10-2025,3
,08-10-2025,3
,09-10-2025,7
,10-10-2025,10
,10-10-2025,15
,15-10-2025,14
,17-10-2025,10
MONTEMAC FX TAB Total,,3057
MOXCLAV 625,,
,29-05-2025,10
,29-05-2025,10
,02-06-2025,6
,10-06-2025,6
,10-06-2025,6
,11-06-2025,6
,11-06-2025,10
,12-06-2025,10
,16-06-2025,10
,17-06-2025,10
,18-06-2025,10
,18-06-2025,15
,18-06-2025,10
,18-06-2025,1
,18-06-2025,5
,18-06-2025,4
,19-06-2025,6
,23-06-2025,4
,25-06-2025,6
,26-06-2025,10
,28-06-2025,4
,30-06-2025,6
,01-07-2025,6
,01-07-2025,5
,01-07-2025,5
,02-07-2025,5
,02-07-2025,10
,03-07-2025,5
,04-07-2025,10
,04-07-2025,10
,07-07-2025,15
,07-07-2025,10
,08-07-2025,6
,10-07-2025,4
,10-07-2025,1
,11-07-2025,10
,14-07-2025,6
,15-07-2025,6
,15-07-2025,10
,16-07-2025,15
,16-07-2025,15
,17-07-2025,6
,17-07-2025,6
,18-07-2025,15
,22-07-2025,6
,22-07-2025,10
,22-07-2025,4
,24-07-2025,6
,28-07-2025,6
,28-07-2025,10
,31-07-2025,4
,31-07-2025,5
,31-07-2025,5
,01-08-2025,10
,02-08-2025,6
,04-08-2025,4
,05-08-2025,10
,05-08-2025,10
,05-08-2025,5
,05-08-2025,6
,07-08-2025,6
,07-08-2025,4
,07-08-2025,10
,08-08-2025,7
,08-08-2025,2
,09-08-2025,6
,10-08-2025,4
,11-08-2025,2
,12-08-2025,10
,12-08-2025,5
,12-08-2025,7
,12-08-2025,5
,15-08-2025,6
,16-08-2025,5
,19-08-2025,6
,20-08-2025,6
,21-08-2025,6
,21-08-2025,10
,21-08-2025,6
,26-08-2025,10
,26-08-2025,6
,29-08-2025,4
,30-08-2025,5
,02-09-2025,10
,02-09-2025,8
,02-09-2025,10
,02-09-2025,6
,04-09-2025,4
,04-09-2025,5
,04-09-2025,10
,09-09-2025,4
,15-09-2025,6
,17-09-2025,15
,17-09-2025,15
,17-09-2025,15
,18-09-2025,10
,18-09-2025,6
,23-09-2025,10
,29-09-2025,4
,30-09-2025,10
,01-10-2025,10
,01-10-2025,6
,03-10-2025,10
,07-10-2025,4
,07-10-2025,1
,09-10-2025,10
,11-10-2025,6
,14-10-2025,6
,14-10-2025,10
,16-10-2025,10
,21-10-2025,10
,21-10-2025,6
,21-10-2025,6
,21-10-2025,10
MOXCLAV 625 Total,,844
PANTOP - 40  TAB,,
,15-11-2021,15
,19-11-2021,7
,29-11-2021,15
,09-12-2021,3
,29-12-2021,8
,29-12-2021,15
,15-01-2022,15
,20-01-2022,4
,20-01-2022,6
,01-02-2022,15
,09-02-2022,6
,15-02-2022,15
,15-03-2022,15
,15-03-2022,3
,15-03-2022,12
,30-03-2022,15
,16-04-2022,15
,02-05-2022,10
,05-05-2022,3
,05-05-2022,12
,18-05-2022,15
,04-06-2022,11
,15-06-2022,2
,16-06-2022,15
,27-06-2022,1
,27-06-2022,5
,27-06-2022,4
,16-07-2022,3
,21-07-2022,15
,25-07-2022,15
,25-07-2022,15
,17-08-2022,10
,22-08-2022,2
,22-08-2022,3
,23-08-2022,15
,07-09-2022,15
,07-09-2022,8
,15-09-2022,15
,22-09-2022,4
,22-09-2022,2
,13-10-2022,5
,20-10-2022,5
,14-11-2022,15
,14-11-2022,15
,23-11-2022,30
,01-12-2022,3
,01-12-2022,3
,15-12-2022,5
,26-12-2022,10
,29-12-2022,4
,19-01-2023,3
,03-02-2023,6
,26-02-2023,3
,19-04-2023,15
,27-04-2023,10
,30-04-2023,4
,02-06-2023,3
,04-07-2023,5
,08-07-2023,3
,14-07-2023,15
,18-07-2023,4
,02-08-2023,1
,21-08-2023,2
,24-08-2023,3
,25-08-2023,10
,17-09-2023,2
,17-09-2023,15
,29-09-2023,3
,07-10-2023,5
,24-10-2023,3
,13-11-2023,10
,16-11-2023,15
,22-12-2023,2
,31-01-2024,4
,31-01-2024,1
,04-02-2024,15
,05-02-2024,15
,22-02-2024,5
,20-04-2024,5
,30-04-2024,2
,11-05-2024,6
,25-05-2024,3
,29-05-2024,15
,30-05-2024,7
,30-05-2024,10
,05-06-2024,4
,11-06-2024,2
,01-07-2024,2
,02-07-2024,5
,12-07-2024,1
,05-08-2024,5
,08-08-2024,7
,13-08-2024,4
,21-08-2024,6
,30-08-2024,10
,05-09-2024,4
,11-09-2024,3
,18-09-2024,2
,18-09-2024,1
,23-09-2024,6
,15-10-2024,5
,29-10-2024,3
,30-10-2024,1
,01-11-2024,3
,09-11-2024,8
,12-11-2024,4
,16-11-2024,3
,27-11-2024,10
,05-12-2024,4
,06-12-2024,4
,25-12-2024,3
,10-01-2025,1
,15-01-2025,3
,17-01-2025,3
,18-01-2025,5
,03-02-2025,7
,12-02-2025,5
,14-02-2025,1
,23-02-2025,3
,28-02-2025,3
,17-03-2025,3
,24-03-2025,3
,27-03-2025,2
,29-03-2025,2
,02-04-2025,3
,04-04-2025,6
,06-04-2025,3
,08-04-2025,5
,30-04-2025,3
,05-05-2025,3
,18-05-2025,7
,19-05-2025,3
,21-05-2025,3
,26-05-2025,5
,27-05-2025,4
,27-05-2025,4
,27-05-2025,2
,06-06-2025,2
,21-06-2025,6
,03-07-2025,15
,04-07-2025,15
,07-07-2025,4
,14-07-2025,4
,26-07-2025,3
,31-07-2025,8
,09-08-2025,15
,21-08-2025,2
,25-08-2025,3
,07-09-2025,4
,14-09-2025,5
,18-09-2025,1
,18-09-2025,6
,23-09-2025,5
,24-09-2025,5
,30-09-2025,3
,01-10-2025,10
,06-10-2025,7
,16-10-2025,5
,18-10-2025,15
,21-10-2025,3
PANTOP - 40  TAB Total,,1057
TELMIGET  40  TAB,,
,02-12-2021,10
,08-12-2021,10
,28-12-2021,1
,03-01-2022,10
,28-02-2022,30
,02-04-2022,15
,21-04-2022,9
,21-04-2022,1
,21-09-2022,9
,21-09-2022,1
,31-10-2022,10
,12-12-2022,3
,02-01-2023,20
,27-01-2023,1
,01-02-2023,10
,21-03-2023,15
,26-04-2023,15
,04-06-2023,10
,11-01-2024,6
,09-02-2024,10
,14-02-2024,13
,06-03-2024,5
,04-04-2024,15
,04-04-2024,4
,24-05-2024,15
,30-05-2024,10
,14-06-2024,7
,19-06-2024,1
,19-06-2024,4
,15-11-2024,8
,15-11-2024,12
,20-11-2024,10
,05-12-2024,10
,18-12-2024,8
,06-01-2025,10
,19-02-2025,10
,21-02-2025,20
,22-02-2025,10
,08-03-2025,10
,13-03-2025,14
,22-04-2025,7
,28-04-2025,6
,04-05-2025,11
,06-05-2025,10
,28-06-2025,2
,28-06-2025,3
,28-06-2025,10
,30-07-2025,7
,30-07-2025,13
,09-08-2025,5
,12-08-2025,11
,15-08-2025,1
,15-08-2025,1
,21-08-2025,20
,26-08-2025,10
,07-09-2025,30
,22-09-2025,15
,29-09-2025,10
,17-10-2025,8
TELMIGET  40  TAB Total,,572
TIBRIO,,
,06-12-2021,4
,27-12-2021,6
,06-01-2022,6
,08-01-2022,3
,08-01-2022,3
,10-01-2022,6
,12-01-2022,1
,12-01-2022,5
,12-01-2022,4
,19-01-2022,4
,20-01-2022,10
,21-01-2022,6
,25-01-2022,6
,28-01-2022,10
,31-01-2022,4
,09-02-2022,4
,11-02-2022,6
,12-02-2022,6
,15-02-2022,6
,19-02-2022,6
,23-02-2022,6
,07-03-2022,6
,08-03-2022,6
,11-03-2022,6
,19-03-2022,6
,19-03-2022,4
,30-03-2022,3
,04-04-2022,6
,09-04-2022,6
,09-04-2022,6
,11-04-2022,4
,07-05-2022,10
,13-05-2022,6
,24-05-2022,4
,15-06-2022,6
,20-06-2022,6
,22-06-2022,4
,25-06-2022,6
,27-06-2022,6
,28-06-2022,6
,01-07-2022,4
,05-07-2022,6
,09-07-2022,4
,11-07-2022,2
,12-07-2022,4
,16-07-2022,6
,27-07-2022,4
,27-07-2022,2
,13-08-2022,6
,20-08-2022,6
,23-08-2022,4
,29-08-2022,2
,29-08-2022,2
,05-09-2022,6
,12-09-2022,6
,30-09-2022,4
,26-10-2022,2
,26-10-2022,4
,14-11-2022,2
,25-11-2022,6
,05-12-2022,6
,08-12-2022,4
,10-12-2022,4
,10-12-2022,2
,13-12-2022,6
,14-12-2022,2
,14-12-2022,4
,15-12-2022,6
,15-12-2022,6
,19-12-2022,4
,26-12-2022,6
,28-12-2022,4
,28-12-2022,2
,28-12-2022,6
,12-01-2023,12
,12-01-2023,18
,20-01-2023,4
,22-01-2023,4
,24-01-2023,4
,24-01-2023,2
,27-01-2023,6
,02-02-2023,6
,11-02-2023,6
,12-02-2023,4
,15-02-2023,6
,23-02-2023,6
,23-02-2023,4
,25-02-2023,4
,03-03-2023,6
,18-03-2023,6
,20-03-2023,6
,21-03-2023,6
,23-03-2023,6
,24-03-2023,6
,25-03-2023,6
,04-04-2023,2
,10-04-2023,4
,13-04-2023,6
,01-06-2023,1
,25-08-2023,1
,25-08-2023,5
,01-09-2023,6
,06-09-2023,6
,11-09-2023,6
,17-09-2023,3
,17-09-2023,1
,21-09-2023,10
,25-09-2023,4
,26-09-2023,1
,28-09-2023,2
,03-10-2023,10
,06-10-2023,4
,07-10-2023,10
,11-10-2023,6
,13-10-2023,6
,17-10-2023,4
,21-10-2023,10
,21-10-2023,6
,28-10-2023,6
,31-10-2023,6
,01-11-2023,10
,04-11-2023,6
,04-11-2023,6
,10-11-2023,6
,11-11-2023,2
,11-11-2023,4
,13-11-2023,6
,13-11-2023,6
,14-11-2023,4
,14-11-2023,2
,15-11-2023,6
,16-11-2023,2
,16-11-2023,2
,21-11-2023,6
,22-11-2023,4
,22-11-2023,6
,02-12-2023,6
,11-12-2023,2
,11-12-2023,4
,18-12-2023,6
,20-12-2023,6
,30-12-2023,3
,01-01-2024,6
,03-01-2024,6
,04-01-2024,3
,04-01-2024,4
,05-01-2024,6
,11-01-2024,6
,16-01-2024,6
,16-01-2024,6
,23-01-2024,4
,26-01-2024,10
,02-02-2024,4
,08-02-2024,10
,12-02-2024,10
,12-02-2024,10
,12-02-2024,2
,19-02-2024,6
,20-02-2024,6
,23-02-2024,6
,23-02-2024,6
,29-02-2024,6
,01-03-2024,6
,02-03-2024,4
,06-03-2024,10
,06-03-2024,6
,06-03-2024,8
,09-03-2024,10
,09-03-2024,4
,09-03-2024,4
,11-03-2024,10
,11-03-2024,4
,14-03-2024,6
,14-03-2024,6
,15-03-2024,6
,15-03-2024,10
,18-03-2024,6
,20-03-2024,10
,21-03-2024,4
,21-03-2024,6
,22-03-2024,4
,22-03-2024,6
,23-03-2024,2
,26-03-2024,4
,26-03-2024,6
,27-03-2024,4
,30-03-2024,2
,30-03-2024,2
,01-04-2024,6
,02-04-2024,20
,03-04-2024,6
,03-04-2024,4
,15-04-2024,6
,15-04-2024,6
,15-04-2024,6
,15-04-2024,6
,17-04-2024,6
,20-04-2024,6
,26-04-2024,4
,29-04-2024,6
,29-04-2024,6
,01-05-2024,6
,01-05-2024,6
,02-05-2024,4
,08-05-2024,6
,11-05-2024,6
,11-05-2024,6
,17-05-2024,4
,17-05-2024,4
,19-05-2024,4
,21-05-2024,6
,21-05-2024,6
,23-05-2024,6
,23-05-2024,4
,24-05-2024,5
,24-05-2024,6
,26-05-2024,4
,28-05-2024,6
,29-05-2024,4
,30-05-2024,6
,31-05-2024,4
,03-06-2024,4
,05-06-2024,4
,05-06-2024,6
,05-06-2024,6
,07-06-2024,6
,08-06-2024,6
,08-06-2024,6
,10-06-2024,6
,18-06-2024,4
,18-06-2024,6
,19-06-2024,6
,20-06-2024,6
,20-06-2024,6
,22-06-2024,6
,24-06-2024,6
,26-06-2024,4
,27-06-2024,3
,27-06-2024,4
,27-06-2024,6
,03-07-2024,4
,06-07-2024,3
,11-07-2024,6
,15-07-2024,4
,15-07-2024,6
,17-07-2024,6
,18-07-2024,6
,22-07-2024,6
,26-07-2024,6
,29-07-2024,4
,29-07-2024,10
,30-07-2024,6
,30-07-2024,6
,31-07-2024,6
,02-08-2024,4
,02-08-2024,6
,07-08-2024,4
,07-08-2024,6
,09-08-2024,6
,10-08-2024,6
,13-08-2024,6
,13-08-2024,6
,14-08-2024,4
,14-08-2024,6
,15-08-2024,2
,16-08-2024,6
,19-08-2024,4
,20-08-2024,4
,20-08-2024,6
,21-08-2024,6
,22-08-2024,6
,23-08-2024,6
,24-08-2024,6
,26-08-2024,6
,31-08-2024,6
,31-08-2024,6
,03-09-2024,4
,03-09-2024,6
,03-09-2024,6
,06-09-2024,2
,06-09-2024,4
,09-09-2024,10
,10-09-2024,6
,13-09-2024,2
,16-09-2024,2
,17-09-2024,3
,17-09-2024,3
,18-09-2024,2
,20-09-2024,6
,20-09-2024,6
,25-09-2024,6
,26-09-2024,4
,28-09-2024,6
,30-09-2024,6
,01-10-2024,6
,02-10-2024,2
,02-10-2024,4
,05-10-2024,6
,07-10-2024,4
,08-10-2024,2
,08-10-2024,6
,11-10-2024,4
,12-10-2024,3
,14-10-2024,6
,15-10-2024,6
,16-10-2024,4
,18-10-2024,2
,18-10-2024,4
,19-10-2024,6
,21-10-2024,6
,23-10-2024,6
,25-10-2024,6
,25-10-2024,4
,26-10-2024,6
,28-10-2024,4
,01-11-2024,6
,11-11-2024,6
,12-11-2024,6
,14-11-2024,6
,16-11-2024,6
,21-11-2024,6
,23-11-2024,6
,23-11-2024,4
,28-11-2024,6
,09-12-2024,4
,11-12-2024,3
,11-12-2024,3
,11-12-2024,2
,12-12-2024,6
,15-12-2024,6
,16-12-2024,4
,16-12-2024,1
,18-12-2024,6
,18-12-2024,6
,20-12-2024,6
,20-12-2024,4
,26-12-2024,6
,30-12-2024,2
,01-01-2025,6
,06-01-2025,2
,09-01-2025,6
,11-01-2025,10
,13-01-2025,6
,15-01-2025,2
,16-01-2025,6
,20-01-2025,2
,21-01-2025,4
,22-01-2025,6
,24-01-2025,6
,25-01-2025,6
,26-01-2025,6
,27-01-2025,40
,27-01-2025,6
,27-01-2025,6
,29-01-2025,6
,31-01-2025,6
,01-02-2025,6
,03-02-2025,6
,03-02-2025,6
,05-02-2025,6
,05-02-2025,6
,07-02-2025,4
,08-02-2025,4
,10-02-2025,4
,13-02-2025,4
,13-02-2025,6
,14-02-2025,6
,16-02-2025,4
,16-02-2025,4
,17-02-2025,6
,20-02-2025,5
,22-02-2025,6
,24-02-2025,4
,11-03-2025,4
,12-03-2025,6
,13-03-2025,4
,15-03-2025,2
,17-03-2025,6
,17-03-2025,4
,19-03-2025,6
,19-03-2025,6
,19-03-2025,4
,21-03-2025,6
,21-03-2025,10
,22-03-2025,6
,24-03-2025,6
,26-03-2025,6
,26-03-2025,6
,28-03-2025,6
,29-03-2025,4
,29-03-2025,6
,29-03-2025,6
,29-03-2025,6
,02-04-2025,6
,05-04-2025,6
,07-04-2025,4
,10-04-2025,10
,12-04-2025,6
,13-04-2025,4
,15-04-2025,4
,15-04-2025,6
,16-04-2025,6
,16-04-2025,6
,16-04-2025,4
,17-04-2025,6
,17-04-2025,2
,17-04-2025,6
,18-04-2025,6
,19-04-2025,4
,22-04-2025,6
,22-04-2025,6
,25-04-2025,6
,25-04-2025,6
,28-04-2025,6
,29-04-2025,6
,01-05-2025,6
,06-05-2025,6
,06-05-2025,6
,06-05-2025,6
,07-05-2025,6
,07-05-2025,4
,09-05-2025,6
,10-05-2025,10
,13-05-2025,4
,14-05-2025,6
,14-05-2025,6
,15-05-2025,4
,16-05-2025,5
,16-05-2025,1
,17-05-2025,4
,17-05-2025,6
,17-05-2025,6
,19-05-2025,4
,21-05-2025,4
,21-05-2025,10
,21-05-2025,6
,22-05-2025,6
,22-05-2025,6
,22-05-2025,6
,22-05-2025,6
,23-05-2025,2
,23-05-2025,4
,23-05-2025,6
,24-05-2025,4
,24-05-2025,4
,25-05-2025,4
,26-05-2025,4
,26-05-2025,4
,28-05-2025,6
,28-05-2025,2
,30-05-2025,6
,02-06-2025,4
,02-06-2025,6
,03-06-2025,6
,04-06-2025,6
,05-06-2025,2
,05-06-2025,2
,05-06-2025,10
,06-06-2025,6
,06-06-2025,6
,06-06-2025,4
,10-06-2025,6
,10-06-2025,2
,10-06-2025,6
,10-06-2025,6
,10-06-2025,6
,11-06-2025,6
,13-06-2025,6
,16-06-2025,6
,16-06-2025,6
,19-06-2025,4
,19-06-2025,2
,19-06-2025,6
,19-06-2025,6
,19-06-2025,6
,19-06-2025,6
,25-06-2025,6
,25-06-2025,4
,29-06-2025,4
,01-07-2025,6
,02-07-2025,6
,02-07-2025,6
,03-07-2025,6
,05-07-2025,6
,08-07-2025,4
,08-07-2025,6
,09-07-2025,6
,10-07-2025,6
,10-07-2025,4
,10-07-2025,2
,15-07-2025,6
,16-07-2025,6
,17-07-2025,4
,18-07-2025,6
,18-07-2025,10
,18-07-2025,6
,21-07-2025,6
,22-07-2025,6
,23-07-2025,2
,25-07-2025,6
,28-07-2025,6
,29-07-2025,6
,30-07-2025,6
,30-07-2025,6
,30-07-2025,6
,30-07-2025,6
,31-07-2025,4
,04-08-2025,4
,04-08-2025,4
,06-08-2025,3
,07-08-2025,6
,08-08-2025,4
,08-08-2025,6
,09-08-2025,6
,09-08-2025,1
,09-08-2025,1
,12-08-2025,6
,12-08-2025,6
,12-08-2025,6
,13-08-2025,6
,14-08-2025,6
,15-08-2025,6
,22-08-2025,4
,22-08-2025,2
,26-08-2025,6
,26-08-2025,6
,29-08-2025,6
,29-08-2025,2
,03-09-2025,6
,03-09-2025,6
,06-09-2025,6
,08-09-2025,6
,08-09-2025,6
,08-09-2025,2
,09-09-2025,6
,10-09-2025,6
,11-09-2025,6
,12-09-2025,6
,13-09-2025,6
,15-09-2025,6
,17-09-2025,6
,17-09-2025,6
,19-09-2025,3
,20-09-2025,6
,20-09-2025,6
,22-09-2025,6
,22-09-2025,6
,22-09-2025,6
,23-09-2025,6
,24-09-2025,6
,26-09-2025,3
,27-09-2025,6
,30-09-2025,6
,07-10-2025,30
,09-10-2025,6
,10-10-2025,4
,13-10-2025,6
,14-10-2025,4
,14-10-2025,4
,15-10-2025,6
,16-10-2025,6
,18-10-2025,6
,21-10-2025,6
TIBRIO Total,,3030
Grand Total,,18409
